{
  "device": {
    "precision": 1.0,
    "recall": 0.7777777777777778,
    "f1-score": 0.8750000000000001,
    "support": 18,
    "confused_with": {}
  },
  "term": {
    "precision": 0.0,
    "recall": 0.0,
    "f1-score": 0.0,
    "support": 2,
    "confused_with": {}
  },
  "micro avg": {
    "precision": 1.0,
    "recall": 0.7,
    "f1-score": 0.8235294117647058,
    "support": 20
  },
  "macro avg": {
    "precision": 0.5,
    "recall": 0.3888888888888889,
    "f1-score": 0.43750000000000006,
    "support": 20
  },
  "weighted avg": {
    "precision": 0.9,
    "recall": 0.7,
    "f1-score": 0.7875000000000001,
    "support": 20
  },
  "accuracy": 0.9880239520958084
}