{
  "deprioritise_device": {
    "precision": 1.0,
    "recall": 0.6666666666666666,
    "f1-score": 0.8,
    "support": 6,
    "confused_with": {
      "whitelist_device": 1,
      "prioritise_device": 1
    }
  },
  "throttle_device": {
    "precision": 0.6666666666666666,
    "recall": 0.6,
    "f1-score": 0.631578947368421,
    "support": 10,
    "confused_with": {
      "prioritise_device": 3,
      "retrieve_live_bandwidth": 1
    }
  },
  "retrieve_prioritised_devices": {
    "precision": 0.8,
    "recall": 0.8888888888888888,
    "f1-score": 0.8421052631578948,
    "support": 9,
    "confused_with": {
      "retrieve_throttled_devices": 1
    }
  },
  "retrieve_suspicious_devices": {
    "precision": 1.0,
    "recall": 0.9230769230769231,
    "f1-score": 0.9600000000000001,
    "support": 13,
    "confused_with": {
      "retrieve_prioritised_devices": 1
    }
  },
  "ask_for_help": {
    "precision": 0.6666666666666666,
    "recall": 0.875,
    "f1-score": 0.7567567567567567,
    "support": 16,
    "confused_with": {
      "prioritise_device": 1,
      "deny": 1
    }
  },
  "affirm": {
    "precision": 0.75,
    "recall": 0.5454545454545454,
    "f1-score": 0.631578947368421,
    "support": 11,
    "confused_with": {
      "ask_for_help": 2,
      "whitelist_device": 1
    }
  },
  "ask_for_explanation": {
    "precision": 0.8888888888888888,
    "recall": 0.6666666666666666,
    "f1-score": 0.761904761904762,
    "support": 12,
    "confused_with": {
      "ask_for_help": 2,
      "retrieve_live_bandwidth": 1
    }
  },
  "retrieve_live_bandwidth": {
    "precision": 0.7777777777777778,
    "recall": 1.0,
    "f1-score": 0.8750000000000001,
    "support": 7,
    "confused_with": {}
  },
  "greet": {
    "precision": 0.9166666666666666,
    "recall": 0.8461538461538461,
    "f1-score": 0.8799999999999999,
    "support": 13,
    "confused_with": {
      "deny": 1,
      "affirm": 1
    }
  },
  "retrieve_throttled_devices": {
    "precision": 0.875,
    "recall": 0.875,
    "f1-score": 0.875,
    "support": 8,
    "confused_with": {
      "retrieve_prioritised_devices": 1
    }
  },
  "prioritise_device": {
    "precision": 0.6153846153846154,
    "recall": 0.8,
    "f1-score": 0.6956521739130435,
    "support": 10,
    "confused_with": {
      "throttle_device": 1,
      "ask_for_help": 1
    }
  },
  "deny": {
    "precision": 0.8333333333333334,
    "recall": 0.7692307692307693,
    "f1-score": 0.8,
    "support": 13,
    "confused_with": {
      "ask_for_help": 2,
      "affirm": 1
    }
  },
  "unthrottle_device": {
    "precision": 1.0,
    "recall": 0.4,
    "f1-score": 0.5714285714285715,
    "support": 5,
    "confused_with": {
      "throttle_device": 2,
      "whitelist_device": 1
    }
  },
  "whitelist_device": {
    "precision": 0.7272727272727273,
    "recall": 1.0,
    "f1-score": 0.8421052631578948,
    "support": 8,
    "confused_with": {}
  },
  "retrieve_historic_stats": {
    "precision": 0.9,
    "recall": 1.0,
    "f1-score": 0.9473684210526316,
    "support": 9,
    "confused_with": {}
  },
  "accuracy": 0.8,
  "macro avg": {
    "precision": 0.8278438228438229,
    "recall": 0.7904092204092205,
    "f1-score": 0.7913652737405599,
    "support": 150
  },
  "weighted avg": {
    "precision": 0.818109816109816,
    "recall": 0.8,
    "f1-score": 0.7960992867008886,
    "support": 150
  },
  "micro avg": {
    "precision": 0.8,
    "recall": 0.8,
    "f1-score": 0.8,
    "support": 150
  }
}