{
  "device": {
    "precision": 1.0,
    "recall": 1.0,
    "f1-score": 1.0,
    "support": 18,
    "confused_with": {}
  },
  "term": {
    "precision": 0.16666666666666666,
    "recall": 1.0,
    "f1-score": 0.2857142857142857,
    "support": 2,
    "confused_with": {}
  },
  "micro avg": {
    "precision": 0.6666666666666666,
    "recall": 1.0,
    "f1-score": 0.8,
    "support": 20
  },
  "macro avg": {
    "precision": 0.5833333333333334,
    "recall": 1.0,
    "f1-score": 0.6428571428571428,
    "support": 20
  },
  "weighted avg": {
    "precision": 0.9166666666666666,
    "recall": 1.0,
    "f1-score": 0.9285714285714286,
    "support": 20
  },
  "accuracy": 0.9800399201596807
}